area_sqft,bedrooms,bathrooms,age_years,garage,location_score,near_school,near_hospital,near_mall,crime_rate,population_density,price
1360,2,3.3,16,1,9.91,0,0,1,2.04,7868,911544.4008103716
4272,3,1.4,39,2,1.27,1,1,1,3.93,5113,873424.774605153
3592,1,2.8,27,2,5.0,0,1,0,2.98,4612,899857.5943644444
966,1,3.8,11,0,5.54,1,1,1,9.33,515,525008.3592943468
4926,2,3.6,26,1,2.06,1,0,0,8.81,9763,1077810.5115536817
3944,5,1.8,41,1,2.52,0,0,0,5.5,4280,820357.3251454828
3671,1,3.6,46,1,4.17,1,1,0,1.55,4362,861080.726396675
3419,1,1.0,29,2,7.86,1,1,1,7.43,2615,1034512.8312001601
630,3,1.1,40,1,5.56,0,1,1,6.61,9387,470705.7905059793
2185,4,2.8,33,2,6.74,1,0,0,9.73,9101,888469.712154574
1269,2,2.1,36,1,9.87,0,1,1,6.03,5740,762912.5646732228
2891,2,2.2,5,1,7.91,1,1,1,4.03,6716,1089461.8462726837
2933,5,2.7,6,0,4.91,1,1,1,5.67,1092,980548.3608470683
1684,5,1.6,31,1,5.02,0,1,0,9.81,9573,719656.4210995047
3885,2,1.6,31,1,6.57,0,0,1,7.27,4470,932778.7580203253
4617,5,2.5,24,0,6.99,1,0,0,7.05,1873,1194013.0281810504
3404,3,3.3,32,2,5.51,1,1,1,3.17,3661,1100943.5039468124
974,2,2.9,6,2,6.8,0,0,1,7.69,3916,629909.3960447775
1582,5,1.9,11,1,1.21,1,0,0,7.75,6733,538266.2899016239
3058,2,2.3,15,2,4.87,1,0,1,3.86,1856,975708.2508810961
2547,4,1.5,15,1,3.51,1,1,0,5.35,2473,635712.9402066269
3247,1,1.2,42,0,2.16,1,0,1,3.65,2676,603202.2181014213
1475,2,3.3,35,0,1.9,0,0,0,3.33,9183,424608.5091945938
2306,1,1.8,12,1,6.43,0,0,1,1.23,4284,682726.0670363052
689,5,1.5,6,0,5.71,0,1,1,3.57,8999,596196.4391009728
3234,1,3.1,35,0,3.28,0,1,1,5.99,2497,676065.9361472967
3505,2,2.9,46,1,5.24,0,0,0,1.01,6069,915929.2734175422
2399,4,2.9,8,1,5.43,0,0,0,3.55,4635,736142.6322436201
1767,5,1.7,31,0,2.76,1,1,0,8.93,6983,656781.1310990273
2028,2,1.7,10,2,6.87,0,1,1,6.34,8227,847629.8706628972
3702,5,1.7,7,2,8.03,1,0,0,6.47,9268,1140098.920988648
4056,3,1.5,32,1,8.12,1,0,0,4.63,834,1147740.972743599
4390,1,3.0,22,1,6.42,1,1,0,7.09,732,1118558.9836758755
1146,3,3.5,24,2,5.6,0,1,0,2.71,4368,645251.6187604662
3388,2,3.2,7,0,1.55,1,0,0,8.37,4199,690772.1558712067
2935,4,3.4,44,2,3.59,0,1,0,2.05,3001,820888.1641003742
1100,5,2.2,21,2,1.84,1,0,0,6.9,1763,446461.01828739647
2863,1,3.0,3,2,9.67,1,0,0,4.07,5691,1055592.9743867407
2561,5,2.1,39,2,2.22,0,0,0,7.73,3972,549197.2452951913
741,2,2.6,2,1,2.37,1,1,0,5.95,1154,357140.54895814334
2541,5,2.4,28,1,9.01,1,0,1,5.07,8672,1030495.1072181388
3324,1,1.5,40,0,9.5,1,0,1,2.52,3182,1075034.3642095737
3112,2,2.2,28,0,7.89,1,1,0,6.73,8107,1026222.9474878621
1863,5,3.9,33,0,1.05,0,1,1,9.77,9884,531016.6232842962
1978,4,1.7,33,0,1.01,1,0,1,8.43,4361,441295.30201538035
3056,2,1.4,27,2,4.4,1,0,0,1.54,2489,830712.613977585
1275,2,2.3,12,1,2.29,0,1,0,4.39,3653,450432.33747126313
4514,4,3.4,14,1,1.17,1,1,0,9.33,5238,971810.737993715
534,3,2.7,22,0,5.18,1,1,1,5.53,9499,510776.2297252841
3652,1,3.0,43,0,9.49,1,0,0,6.96,644,1043549.0571475928
2455,3,1.6,25,2,3.91,1,0,1,9.21,3763,689728.0833609544
2085,5,2.9,3,2,6.95,0,0,0,8.86,2339,859085.4126513144
4443,4,2.0,25,0,6.87,1,1,1,5.52,3873,1223418.3955927931
3573,3,3.5,39,1,3.26,0,0,1,4.94,2727,863152.6919708025
1521,2,2.9,8,1,6.85,1,1,0,4.06,6718,728992.1082650232
3961,5,1.6,4,1,2.91,1,0,0,7.47,6880,921689.2742124562
3113,5,1.2,31,0,2.1,1,1,1,3.58,8115,734256.3233389852
4343,3,1.1,19,1,7.31,0,0,1,3.25,3230,1191276.2883055108
2000,3,2.1,49,2,2.02,1,0,0,4.21,196,593604.526488292
661,4,1.8,10,2,9.97,1,1,0,2.59,3958,800308.9312431545
4797,1,2.9,14,0,2.65,0,1,1,7.26,2808,950435.2377221559
2481,3,2.5,31,2,6.35,0,0,0,6.55,5497,844500.7415598666
1495,3,1.8,27,0,4.7,0,1,1,5.35,6252,548399.4460385138
3842,2,1.4,21,1,2.14,0,1,0,4.51,556,796775.4163791238
4298,5,1.4,40,1,1.25,1,0,0,9.18,6014,822326.5368468894
1775,1,3.6,16,1,6.6,1,1,0,1.26,4468,696103.0148525018
1516,2,1.7,25,2,8.26,1,0,1,7.92,4188,687718.3209814152
837,4,3.0,43,0,8.58,1,0,0,9.12,9323,672672.2966374605
1378,4,3.4,6,1,5.34,0,1,1,5.02,8499,802242.4277395423
1576,3,2.8,41,0,8.0,1,1,0,5.96,2037,704158.270080551
4493,3,3.6,25,1,7.06,1,0,1,9.5,1246,1156974.9699346018
879,4,2.2,24,2,7.52,1,0,1,2.91,5252,728116.2113391298
992,3,3.9,9,2,5.43,1,0,0,5.68,4399,564456.7521969497
2562,1,1.4,44,0,6.7,0,0,1,5.27,8218,747967.6640528823
4384,3,1.3,18,2,8.25,1,0,1,3.33,8734,1177932.995695045
564,5,3.0,10,2,4.58,1,0,1,8.37,7859,614404.2104730894
3068,3,3.8,12,0,8.25,1,1,1,9.1,8053,1067026.0958881304
2527,2,3.4,7,1,6.33,0,1,0,8.04,4884,810667.5429892592
3195,1,1.2,39,2,2.49,0,1,0,2.76,9124,687209.8312265897
1995,2,1.8,3,0,1.22,1,0,0,1.78,1561,526854.5254750533
891,2,3.8,46,2,4.26,1,1,1,6.45,1259,516507.99280285934
4974,5,1.8,30,2,5.92,1,0,1,1.51,486,1246362.1749925178
4061,1,3.3,27,2,8.56,0,0,0,7.06,7292,1149400.1104708614
2778,1,3.5,10,2,2.15,1,1,0,5.77,4875,733841.0943880831
3599,1,2.5,42,0,8.2,1,0,1,6.97,3509,1020946.8098024252
700,1,2.2,0,0,8.77,1,0,0,6.31,789,617180.9474966524
3604,1,2.4,48,0,2.36,0,0,0,4.8,7128,703965.147439037
2954,5,1.7,46,2,8.66,1,0,1,2.81,7362,1022950.48874094
4145,3,3.7,37,2,9.92,1,0,0,3.75,5764,1354389.6631810688
1304,2,2.4,23,2,7.54,0,0,1,5.72,6866,743452.1824394241
3231,1,3.6,46,0,8.06,0,1,0,6.87,9461,1075650.0502292353
3273,3,1.3,30,2,9.95,1,0,1,8.02,1052,1113302.4225652786
2070,3,4.0,40,1,6.45,0,0,1,7.9,6242,820164.9843273795
3190,2,2.3,45,2,3.77,1,0,1,9.75,6067,679558.0855993698
4340,5,1.1,49,1,8.54,0,0,1,3.57,7305,1238759.8371152862
1528,4,1.1,25,2,6.53,0,1,1,1.64,2584,777242.8011182132
1002,4,3.2,48,0,6.23,1,1,0,4.11,1954,681256.0646694226
4993,3,3.0,49,2,3.28,1,0,0,7.69,3331,1024178.3176170749
1370,2,3.4,4,1,7.81,1,0,0,4.94,2697,756690.3311945995
4988,4,1.3,19,1,1.74,0,0,1,8.36,7929,914569.2612361689
706,3,1.1,40,2,9.32,1,1,0,5.94,8286,646728.201906648
1984,5,2.5,10,1,3.93,1,1,1,9.37,4083,736384.6662722141
1363,4,2.2,32,1,2.15,1,1,1,9.53,7063,404043.1001398084
3290,3,2.4,49,0,4.98,1,1,0,1.62,6784,833909.069595935
1063,3,4.0,37,2,1.38,1,0,1,5.11,756,412156.1025380326
4691,1,3.9,26,2,7.16,0,1,0,6.49,7843,1216775.1726355106
2257,5,3.8,33,2,9.12,1,1,1,3.3,6939,1042275.3123314586
2178,1,3.4,14,1,8.54,1,0,1,4.66,6412,864766.8344770682
3742,2,2.1,31,2,2.15,0,0,0,7.1,8038,700264.3771806991
1559,1,2.2,20,2,2.14,1,1,1,3.04,6276,501987.3920597565
2222,1,2.6,45,0,8.32,1,1,0,6.42,3385,908614.8571541633
3814,4,3.5,4,0,9.32,1,1,1,7.28,9877,1376101.9543033636
3657,3,1.2,5,0,5.15,1,1,0,1.81,5659,992004.720194212
3125,5,2.3,37,1,5.49,1,0,1,5.48,3663,946859.5382671851
3229,1,1.2,21,2,3.86,0,0,0,3.37,4684,783713.243694007
2097,5,2.5,17,0,9.05,0,1,0,7.52,4917,978815.9325464496
3560,1,3.7,13,0,6.8,0,1,1,2.71,5141,1025744.5013286371
3193,2,3.3,9,0,3.59,1,1,0,9.03,6282,788430.5896714231
4127,1,1.7,45,2,3.69,0,1,1,4.88,8126,874516.2914637232
1863,4,3.9,12,2,9.02,1,1,1,2.78,3344,1081482.083345596
2481,3,3.0,30,2,1.12,1,0,0,4.94,1140,560630.441227788
2163,2,1.0,29,1,3.9,1,0,0,4.68,2373,519681.2185431175
2029,1,1.8,2,1,5.99,0,0,0,4.86,3729,602022.6003612839
2538,5,1.8,29,0,2.33,0,1,0,6.27,2214,616868.4619160894
3802,2,1.2,5,2,1.83,0,1,0,5.69,7464,750387.8878731079
2737,2,3.9,28,0,8.34,1,0,1,2.35,1777,963859.2056811866
1806,1,2.4,7,2,9.05,0,0,0,1.59,3194,917231.626442666
4529,2,3.7,43,2,8.41,1,1,1,7.56,9290,1285807.514437653
3175,5,2.0,44,2,9.09,0,0,0,6.04,5973,1019891.9612625611
1782,2,1.4,42,1,5.98,0,1,0,4.23,2384,620507.5640495934
1209,5,2.4,43,1,8.31,1,1,0,8.28,5152,858257.7333540125
4913,1,1.3,32,2,4.46,1,0,1,4.49,7162,1047275.1875796487
4248,3,2.5,16,0,7.0,0,0,0,8.16,1689,955068.6848674014
1163,2,3.8,47,2,9.9,0,0,1,3.75,9453,850468.8288262989
2498,3,2.6,10,2,3.03,0,1,1,1.66,2620,756321.5030463418
3945,5,2.8,12,0,4.51,1,1,1,9.39,4748,1058546.1177747862
4243,2,1.5,49,2,5.32,1,0,0,4.55,5829,954886.1370669516
1995,4,1.1,10,0,2.24,0,1,1,8.13,794,492206.3912557609
3804,3,1.3,30,1,1.73,0,1,0,3.51,7907,848833.7111966929
4263,2,2.8,27,1,8.47,1,1,1,6.82,3783,1125849.5332645476
2353,3,1.3,43,0,9.79,0,0,0,8.86,6804,844721.9459594131
1791,2,2.1,5,1,4.64,1,1,1,1.37,7468,707522.9914207064
4081,1,2.7,40,1,1.79,1,0,0,8.48,2071,783277.0901198597
3957,3,2.2,15,0,1.59,1,0,0,6.14,9795,894108.0322691872
2136,4,1.5,3,1,9.02,1,1,0,6.47,8155,977488.3094986253
4196,4,1.8,34,2,5.17,1,0,1,5.71,4318,1056588.2926134344
3499,5,3.8,47,2,3.88,1,1,1,8.87,1968,948239.3407238619
3652,2,3.0,25,0,5.29,0,0,0,1.39,1771,956871.3119704792
1198,3,2.5,11,1,3.86,1,0,1,3.35,9374,647456.5223681532
2660,5,1.0,10,2,5.4,1,1,1,8.88,1828,846819.3227750534
4597,3,4.0,36,2,8.74,0,0,1,7.77,7732,1321255.0700718155
1354,2,3.0,24,1,6.33,1,0,1,1.16,6503,722477.5896236432
3974,4,2.0,17,1,7.25,0,0,1,5.65,6192,1116514.5026575066
2207,1,3.6,18,2,4.28,1,1,1,5.77,2242,748099.086701608
3277,4,1.8,22,2,7.65,0,1,1,4.61,9440,1084209.3880938112
2233,5,2.6,37,0,7.0,0,0,0,3.68,6284,834864.5299557244
4010,1,2.9,17,0,2.08,1,0,0,7.14,6110,740549.6844143751
702,5,1.7,25,2,6.15,1,0,1,2.87,353,560316.9313965685
3755,2,3.9,5,0,3.31,1,1,0,8.19,4202,961697.7754786595
4718,1,3.2,3,2,8.24,1,1,0,8.23,3642,1236230.606159044
4996,5,2.7,43,2,4.83,0,0,0,4.74,2875,1155080.4604597846
1266,2,1.5,28,0,9.95,0,1,1,3.55,7778,788468.7009487274
4889,4,1.2,33,0,1.83,0,1,1,3.55,6312,1005192.7364664916
2827,2,2.0,16,1,8.02,1,1,1,5.34,4737,1022475.0271048343
3431,3,3.3,42,1,7.06,0,1,1,7.48,6134,988256.0414771582
697,2,1.8,42,1,7.91,1,0,1,4.23,8557,595522.5826064225
2430,2,2.6,15,2,3.77,1,1,0,6.49,6576,637153.1092719957
4082,3,3.2,1,0,5.43,0,1,1,4.44,3248,1085320.0942403635
1108,5,1.3,33,2,8.17,1,0,0,3.74,3459,667787.5628697905
3772,5,3.1,7,0,3.09,0,0,1,1.22,1104,932784.6820995722
1647,2,1.3,12,2,3.03,1,1,0,1.04,4817,535539.0883022065
4782,3,3.9,41,1,5.96,0,1,1,3.04,3371,1143123.539905526
3897,3,2.5,7,1,5.71,1,0,1,4.66,309,1108681.2256060108
3011,4,1.5,29,1,3.54,0,0,1,8.66,9179,689434.4551496473
2294,5,2.0,31,2,3.68,0,0,1,8.19,5639,640191.7443294077
1159,1,2.2,35,0,3.5,1,1,1,3.4,253,394204.447830496
3311,5,3.3,46,0,7.94,1,1,1,3.2,3693,1079059.0970564703
1869,5,3.2,29,1,6.87,0,0,0,3.05,8706,786291.0744264228
2486,4,2.8,0,1,8.49,1,1,1,4.05,1384,1040112.5753846854
646,1,1.3,42,1,9.78,1,0,0,5.48,3248,614847.7158409433
3719,4,1.5,38,1,5.27,1,1,1,4.95,868,993432.9379014482
3411,1,1.3,16,0,1.6,0,0,0,2.96,9274,686285.3978705127
2234,2,2.7,19,2,1.43,0,0,0,2.17,5707,451874.8710834468
2343,1,3.6,23,2,3.66,1,1,0,1.11,3302,736419.7946755718
988,4,2.3,49,2,9.39,1,1,0,2.39,2887,798279.9246356563
3476,5,1.5,21,2,5.71,0,1,0,7.35,2310,931580.0428144413
2459,1,2.7,28,1,3.45,1,1,0,3.19,9330,775434.210315357
2885,1,3.4,21,1,4.59,0,1,1,5.22,7499,873028.3115907294
3419,3,3.2,43,1,6.39,1,1,0,6.32,6438,978788.7808429478
2302,5,3.6,8,2,6.88,1,0,1,8.98,8833,955766.5847365884
4561,2,1.8,36,1,2.39,1,1,1,9.0,458,965512.223047148
3869,4,1.6,9,1,9.79,0,0,0,7.71,949,1180094.3131070272
762,2,3.6,35,0,5.9,0,0,0,1.32,7598,532941.8528830203
1123,5,3.0,36,0,2.22,0,1,1,6.18,4622,463282.82985629246
1516,1,1.9,27,1,9.04,0,0,0,8.08,2644,810375.223560799
4143,1,3.2,27,0,1.67,1,0,0,1.16,1931,794979.236794648
2549,5,3.4,41,0,9.17,1,1,0,5.95,1572,1017777.9011600591
4223,1,2.8,42,1,9.97,0,1,0,8.72,9728,1160436.8668500572
3608,1,3.1,20,1,7.3,1,1,0,5.27,429,1010520.027886818
4590,1,2.1,23,1,7.93,1,0,0,1.04,5951,1144985.3902856752
2556,4,2.6,41,1,4.04,0,1,0,1.1,7132,711023.3373483439
3670,4,2.6,39,2,9.47,1,1,1,4.75,5366,1141582.4171096135
2182,3,3.5,1,2,5.77,1,1,0,2.4,4454,933146.2285489384
2755,2,3.5,7,1,7.59,0,1,1,6.98,6535,999362.3168792956
1654,5,3.5,47,0,9.32,1,0,1,7.38,8078,915545.464614041
4999,5,1.0,26,1,9.78,1,1,1,2.6,4338,1437918.0846733565
3691,5,3.2,21,1,8.5,1,0,1,9.0,6212,1212298.300875867
2196,3,3.3,36,0,3.73,0,1,0,4.98,4822,723066.9535625218
4491,4,3.0,26,2,9.7,0,0,1,2.29,1488,1304201.360408263
2148,3,3.3,28,1,6.65,1,0,1,7.88,4285,833642.8399139591
1945,5,3.5,2,1,9.38,1,0,1,8.11,9011,1069904.5571412505
4699,2,2.4,43,2,7.08,1,1,1,6.75,3335,1239874.461419788
4423,1,2.5,12,2,3.77,0,0,1,8.68,4676,979862.7406276875
753,4,1.4,44,0,4.33,0,1,0,7.64,1200,400695.94224136753
3683,4,2.2,9,2,5.95,0,1,0,8.94,8964,990156.5214730072
3057,3,2.9,35,2,8.11,1,1,1,4.9,8808,1040144.8824147509
598,4,3.3,8,2,3.86,1,1,0,7.73,2632,466865.57979682036
2700,5,1.7,26,0,6.22,1,1,0,10.0,7870,760556.4101255973
3461,5,1.4,33,2,4.11,1,0,1,7.52,3770,906759.9668053819
4933,3,3.0,0,2,8.34,1,1,1,2.03,881,1408123.5580045993
4277,5,1.0,31,0,5.2,0,0,1,5.66,3623,1024318.5844289847
3369,2,1.5,24,2,1.69,1,0,0,6.29,6231,698329.464026775
3734,3,1.1,28,2,2.49,1,0,1,2.57,4882,840181.8157601805
4291,2,1.5,6,0,1.55,1,0,0,9.67,9881,902110.7705885852
1456,1,1.5,48,1,5.49,0,0,0,2.58,5095,494839.75446379767
4567,2,2.2,2,0,1.96,1,0,0,2.6,1601,953504.4609051913
660,1,2.2,19,2,2.03,0,0,1,9.24,3180,258087.8156982962
4993,1,3.6,19,2,9.47,0,1,0,5.19,9368,1434579.406000613
1800,2,2.5,29,2,8.85,0,0,1,1.57,9392,806628.117264011
4487,3,3.2,34,0,5.07,0,1,1,6.38,602,953782.1899250024
2027,5,1.3,34,2,9.87,0,0,1,6.42,9631,1064938.0235832217
1718,5,1.7,48,2,1.0,1,0,1,1.58,3985,571540.2076156622
4996,1,3.1,38,0,6.53,1,0,1,9.75,8109,1062419.2751776811
3604,1,1.2,26,1,6.55,0,0,0,5.9,723,864409.3337011861
3235,3,2.5,25,1,5.12,0,1,0,6.04,1150,864295.8171539321
1454,4,2.8,13,2,4.57,0,1,0,5.68,7485,704773.5790984194
3946,2,2.8,16,0,5.1,1,1,0,6.5,6181,1089265.4448275617
1545,1,1.1,17,2,4.73,1,0,0,3.38,5584,510199.4873990441
2193,5,2.0,44,0,7.57,0,0,1,3.59,3872,775475.9087242276
3936,3,2.9,28,0,2.22,1,0,1,5.6,4016,849421.4411904393
1062,2,1.4,19,1,2.78,1,1,0,8.26,4118,353411.0983057264
2985,3,3.1,26,1,2.62,0,0,0,1.45,1429,573938.1610744763
3854,2,3.2,17,0,3.36,0,1,0,6.43,4214,860657.9967612554
725,2,3.9,3,2,5.73,1,1,1,8.26,3467,680162.1953578346
1459,1,1.6,0,1,2.0,1,0,1,2.41,8195,484751.6307230674
3567,3,3.5,49,2,8.81,1,0,1,1.14,5241,1189257.26295749
1315,3,2.6,0,1,3.68,0,1,0,3.81,4051,599505.3101977126
3620,5,2.1,25,1,2.46,0,1,0,6.29,5184,787120.7187304016
516,5,1.4,44,2,7.08,0,1,0,2.24,1673,565966.0772189527
1743,1,3.2,19,1,1.34,1,0,0,4.84,2734,369661.9675480495
2705,1,1.7,22,1,6.58,1,0,1,5.97,2868,790644.4669257398
3024,4,2.1,9,2,7.28,0,0,0,6.39,5402,990182.6592225967
1569,5,1.2,10,1,2.93,1,0,0,3.47,6350,582192.3666855964
3944,2,3.4,40,1,1.38,0,0,0,4.6,1311,666608.2561594715
3065,3,3.3,40,1,4.27,1,0,1,8.01,9067,783085.2256897223
1560,1,3.2,4,2,1.89,0,1,1,9.47,6055,513972.9814828948
2827,3,1.9,0,0,2.05,1,1,0,8.76,1260,717419.671765165
3920,3,1.5,16,2,3.29,1,1,1,6.08,6077,935136.6253255052
801,4,2.9,21,0,3.66,0,0,1,4.69,7141,467553.66603733896
4776,5,2.5,33,1,5.77,0,1,1,4.0,2483,1237878.800000146
1106,1,1.5,44,0,7.11,0,0,1,2.12,5976,504076.6942986368
3670,3,3.1,40,2,6.33,0,0,1,1.96,3640,1099751.478305206
1199,1,4.0,28,2,2.34,0,1,0,7.2,4735,361261.36476751254
1639,2,3.2,3,1,2.55,1,0,0,3.34,1195,600049.8165744396
690,4,3.2,4,0,8.91,0,1,0,3.29,6001,802513.3922076529
2800,2,3.9,10,1,6.03,0,1,1,9.98,8315,1040681.0261197595
1480,1,1.6,20,1,8.83,0,0,1,2.69,1179,667886.5339808946
3475,1,2.7,34,2,4.34,0,1,1,2.33,8470,765248.8570699515
1684,5,3.9,11,0,6.53,0,1,1,1.89,2947,911857.3183647696
3827,3,1.5,25,0,5.71,1,1,0,6.22,2060,890183.3246340108
3894,3,3.1,18,0,3.87,0,1,0,6.65,1573,940003.8246069044
627,2,2.8,44,0,5.23,0,0,0,4.29,4988,464147.5540313629
2565,4,2.8,6,1,5.52,0,1,0,5.82,5079,888033.0382358877
2316,3,3.1,46,1,2.81,1,1,0,8.1,1312,611569.0443251097
1069,5,3.8,6,2,3.84,1,1,0,8.36,5797,671582.0017403472
2395,2,3.3,25,1,8.12,0,0,1,9.62,9101,938526.0946685672
3233,2,1.2,39,1,9.24,0,1,1,8.42,519,1004798.4242381509
4363,5,3.6,4,2,4.24,1,0,0,6.08,3759,1079015.8096604422
4514,4,1.7,20,2,3.76,1,1,1,2.62,5383,1186164.9860924592
3401,5,2.1,13,2,2.76,1,1,0,1.9,9570,936055.4017438451
2186,4,2.4,3,1,7.11,0,1,0,1.49,9732,956527.0793239753
3509,5,2.4,22,1,3.91,0,0,1,7.0,1440,917599.4508763432
654,5,2.3,41,2,9.89,1,0,0,8.27,5237,807231.3900940643
3037,1,3.8,19,2,3.93,0,0,0,5.58,5289,834200.3411237318
1909,2,3.1,14,2,4.55,1,0,0,1.49,1461,695291.8413223746
4557,5,2.9,49,1,6.43,1,0,1,5.82,691,1161778.3242292395
1284,5,1.1,44,1,8.22,1,0,1,9.42,626,715060.5491484448
3675,3,3.7,28,0,5.23,0,1,1,6.38,7955,1050628.0502976733
4841,2,3.7,7,1,4.8,1,0,1,8.28,1392,1088078.9157583558
3306,3,3.3,40,1,9.96,1,1,0,8.2,1754,1157874.771112098
1037,2,1.0,47,1,1.09,0,0,1,9.39,287,141218.8697502001
2341,3,1.2,18,2,9.06,1,0,1,7.93,2858,1026350.6762500735
2955,5,1.7,47,1,2.34,0,0,1,7.73,8820,701065.7083992239
1024,5,1.4,38,2,8.07,1,1,0,3.11,8725,740373.6212674566
3450,1,2.2,45,0,6.56,0,0,1,1.54,6531,912890.8300834448
4631,3,3.8,27,0,4.08,1,0,1,5.66,6137,1086495.0828843226
4615,4,2.4,45,2,8.86,1,1,0,2.12,8594,1326610.6518833786
2868,1,1.0,26,2,1.12,1,1,0,9.66,4282,456848.73717961245
4347,3,1.8,3,2,3.04,1,1,0,3.61,7073,978155.3498411143
4995,3,1.1,14,1,6.1,1,1,0,8.68,537,1156512.3450258742
3201,1,1.1,34,0,4.16,0,0,1,4.49,932,595942.2930159798
1471,5,1.8,36,2,6.49,0,1,0,3.91,9088,703681.185132119
1666,3,1.8,0,1,1.22,1,0,1,9.42,8851,477061.26186064875
3274,5,3.4,2,0,2.05,1,0,1,4.27,9053,851542.8686631034
2482,1,3.9,46,1,2.14,1,1,1,4.51,5894,664837.7406832321
1353,5,2.1,23,0,2.7,0,0,1,1.95,3674,464561.53407009307
4646,2,2.3,26,1,5.13,0,1,1,7.03,3885,1069095.4406038283
4236,4,3.5,39,0,7.77,1,0,0,3.6,5320,1171841.8020504713
4269,3,1.8,35,0,9.15,0,1,1,6.27,7850,1203810.1368433933
1074,4,1.5,33,1,8.52,1,1,1,6.32,6918,839410.0376325565
3761,5,3.6,28,2,2.77,1,1,1,7.47,784,960204.3175916588
1648,3,1.1,23,0,4.97,1,1,0,7.71,4333,614466.6445763144
2215,5,2.9,23,2,2.79,0,1,1,5.63,677,649714.1456393466
4354,2,2.7,41,1,3.38,1,1,1,3.98,8107,1013042.4838647819
2991,1,2.0,3,2,5.53,1,0,0,8.54,327,852283.4953423918
3160,3,1.9,2,2,1.61,1,0,1,3.79,2428,780070.4333519356
3624,2,3.3,33,2,2.96,0,0,1,5.57,2831,750446.1591058674
3551,2,1.3,48,2,9.42,0,1,0,4.61,9119,1044932.6391015953
504,3,1.7,22,2,5.2,0,0,1,8.7,530,498429.00317841454
1376,5,3.2,22,0,5.01,1,1,1,4.89,9355,696837.7767156365
1491,2,2.6,44,0,1.13,0,0,1,4.47,1809,405344.40128773154
4642,4,1.4,4,0,3.23,1,0,1,7.21,5882,1007840.1711474797
4864,2,3.6,30,1,8.8,0,1,1,6.42,1334,1309580.807702641
4965,5,2.2,40,2,2.48,1,0,0,1.97,8593,1063506.5382871267
1135,5,3.5,5,0,4.74,0,0,0,5.57,5305,583684.7358909168
2193,4,3.4,36,1,1.13,1,0,0,7.62,1520,488429.5510215158
2182,2,2.9,9,0,5.31,0,1,1,9.93,868,676277.8496755132
619,5,2.5,39,0,1.19,0,0,1,6.66,6134,299123.21407247876
1330,3,3.9,6,2,8.38,0,1,1,4.33,9696,944850.8761997635
4175,1,1.4,38,1,8.42,1,0,0,3.04,8735,1115882.8326356998
1869,1,3.2,37,2,8.09,0,0,1,8.86,3204,751901.0881727225
1240,1,1.6,20,2,3.55,0,0,1,8.33,4455,487643.9027671148
616,2,2.0,19,0,8.54,0,0,1,3.11,3405,614941.9088483157
3338,4,1.9,2,2,5.89,0,1,0,2.81,1638,970196.8197444327
1650,5,3.8,21,1,4.36,1,0,0,7.44,1431,627567.94606816
2431,3,3.9,46,2,6.63,0,1,1,3.83,8268,956862.3641829309
1512,3,1.5,3,2,1.11,1,1,1,3.76,7039,501225.12449188484
2164,2,1.1,27,2,2.29,1,0,1,2.37,8361,549126.3102813066
1581,1,3.2,11,0,7.68,1,0,0,3.38,5658,728287.8388213636
1012,2,2.3,37,1,3.2,1,1,0,4.85,6044,493479.5277743864
3349,4,1.3,35,0,6.38,0,1,0,7.6,7226,884831.3003365888
1059,4,3.1,46,0,4.47,1,0,1,4.03,580,565623.1378837547
4172,5,2.6,40,0,8.69,1,0,0,3.96,5363,1208794.6044795266
3843,5,3.9,4,0,9.57,1,0,1,3.56,4194,1281700.983448654
4570,4,1.7,12,0,8.95,1,0,1,5.3,6267,1298210.415309005
1970,4,2.2,22,1,3.44,0,0,0,2.63,2893,604175.3432776029
1080,4,2.6,49,2,2.75,0,1,1,5.37,2992,436851.4603614325
2794,2,3.4,29,0,5.27,1,0,0,7.34,1298,769390.8148561933
3647,4,2.6,36,0,1.07,1,0,1,1.27,8111,774657.7528414091
4749,3,2.8,24,1,1.23,1,1,1,1.09,2472,942509.5020148685
2179,1,1.7,47,1,5.98,0,0,0,1.68,1992,624946.8781887097
4006,4,3.5,26,2,5.68,0,0,1,5.82,5890,1115297.4210363962
3244,1,2.3,13,1,9.95,0,1,1,8.69,1983,1005435.2119700144
3856,2,1.4,47,2,2.82,0,0,1,1.04,5567,854988.1109026104
4545,1,3.0,46,0,3.32,0,1,1,9.43,897,688253.9047155331
1743,2,1.6,35,0,2.02,1,0,1,1.96,8309,475957.42873831745
3618,3,1.3,38,2,9.26,0,0,1,8.58,8335,1115779.3467736712
2641,2,3.6,15,1,8.0,0,0,1,5.35,254,903502.3595052488
3559,2,2.4,21,2,8.4,1,1,1,6.93,5062,1023218.2614514709
3459,5,3.2,20,1,9.12,0,1,0,5.6,4180,1183913.7949953976
2765,4,1.9,20,0,5.72,0,1,0,5.29,8150,865534.7962301717
2979,4,3.4,7,1,5.06,0,1,1,8.51,6047,878099.06327119
2135,3,1.3,48,2,3.97,1,0,1,7.8,9717,584828.3294709771
2257,3,2.1,15,2,6.3,0,1,0,5.35,4420,860035.6048031892
4952,4,3.9,30,0,5.09,1,1,1,2.0,1992,1235144.0879850888
2570,5,3.4,41,1,5.06,1,1,0,2.04,9189,813811.150536868
3349,4,2.5,9,1,9.43,0,0,0,8.21,3524,1144911.4958877566
3751,5,2.0,31,1,9.86,0,0,0,5.76,9550,1166074.0584010817
4230,3,3.6,33,0,8.17,0,1,1,5.33,2115,1150186.8783586675
2989,1,2.6,8,1,7.81,0,1,1,7.13,6773,993947.8696340399
2131,3,3.3,16,2,7.13,1,0,1,8.73,6132,890384.5013809567
3316,3,3.3,10,1,2.49,0,1,0,6.66,4933,787134.6729420584
1515,2,1.1,31,0,1.53,1,1,0,7.87,9994,365159.5312709073
1848,2,1.4,9,1,7.22,1,1,0,7.89,9165,776035.0480637527
3587,2,3.0,21,1,7.56,1,1,1,4.21,665,1047295.3253463684
3339,2,1.5,16,2,1.42,1,0,0,3.47,7512,769510.6125888771
835,5,1.8,3,1,9.35,1,0,0,8.21,2118,701830.3150495767
1395,4,3.8,47,2,1.82,0,0,1,4.39,2414,448326.07027133374
4046,1,2.7,46,2,3.57,1,1,0,9.13,4512,788339.7463310725
1351,3,3.3,24,0,7.05,1,1,0,1.63,3983,794715.0873639261
2187,5,2.7,20,2,2.53,0,0,1,1.52,8316,692414.4833006513
2431,1,2.7,36,2,1.5,0,0,1,9.34,6839,458311.5703559444
4246,5,1.3,37,0,3.98,1,0,0,6.84,9429,1003097.3813130843
2927,5,2.0,48,2,7.89,1,1,1,4.42,8002,930863.466163053
2068,3,1.8,0,0,4.72,0,0,0,7.8,1289,656689.2012569495
4500,4,2.2,24,1,6.88,1,1,1,7.05,7256,1285594.4594268873
3238,2,3.4,35,0,6.22,0,1,0,5.78,7442,920987.177893139
3998,4,2.1,16,2,1.2,0,0,1,1.89,6984,840844.4776607959
4413,3,2.4,40,0,9.9,1,0,0,8.31,3257,1166575.9019095313
1566,3,2.2,23,2,1.37,0,1,1,8.79,5620,511675.7317711254
4880,3,1.3,1,1,9.71,1,0,1,2.55,1841,1437326.0928821152
2944,1,2.3,39,0,5.95,1,0,1,8.65,3788,748521.9084554489
4607,4,1.6,14,1,9.67,1,1,1,8.9,7585,1347043.1243195236
3873,4,1.6,31,2,2.03,0,1,1,5.94,5469,900433.3550113325
4469,5,1.3,38,2,5.41,1,1,1,6.91,5744,1154600.6573394272
3046,5,2.1,5,1,2.53,0,1,1,4.44,9189,755815.7830144627
1253,5,3.3,0,0,1.46,1,1,0,3.54,4123,533079.8797648504
2582,3,1.8,46,0,6.56,1,0,0,7.5,816,737252.1776111085
3274,4,1.9,22,2,2.87,0,1,1,8.76,4067,811516.7236314802
3396,3,2.9,38,1,6.29,1,1,1,6.89,7523,1003367.3007967653
4685,1,1.6,16,1,2.01,1,1,0,5.6,6550,893364.4419113891
1275,5,3.7,33,0,3.99,0,0,0,2.43,3315,574092.982617994
2125,3,2.6,40,0,8.03,0,1,1,1.48,7925,848086.116857664
3569,3,2.3,28,0,4.93,0,1,0,5.01,490,1042959.351299003
917,1,2.7,8,1,6.65,1,1,0,1.44,9991,678941.3950506768
614,2,1.5,12,0,6.83,0,0,1,6.12,3137,508950.0265435499
1116,4,2.8,5,0,8.59,0,1,1,4.44,332,887500.3779155782
4474,2,2.1,5,2,3.92,1,1,1,7.81,3231,983987.8303277849
3767,5,3.7,19,0,7.19,0,1,0,3.75,7734,1161971.356295826
1325,3,1.5,2,0,9.65,1,0,1,6.34,333,769734.8456497863
2016,1,2.5,16,1,7.57,1,0,1,5.84,1491,823905.5028255044
3646,1,2.8,48,1,5.41,0,0,0,1.04,9547,863217.5258910933
912,4,1.1,11,2,6.68,1,0,1,1.65,989,687499.6867599874
1228,2,2.1,47,0,7.66,0,1,0,3.61,8002,658562.5499217272
3848,4,3.2,46,2,6.51,0,1,0,8.94,845,1060243.6130995038
3308,3,3.5,44,1,1.15,0,0,0,2.32,527,677960.9396260978
1175,4,1.9,0,2,2.75,0,0,0,7.4,831,456703.03030724917
3965,1,3.4,16,1,8.29,1,1,0,9.76,899,1060062.3646615506
3004,1,3.9,2,2,3.45,1,1,0,8.12,6607,888989.2470506632
3467,5,3.6,25,2,7.58,0,0,1,3.19,7125,1222176.371233258
3286,5,1.4,14,0,4.35,0,0,1,9.18,9127,822241.5844354198
1622,3,3.2,35,2,5.7,1,0,1,1.84,7724,775513.8680806344
4579,2,2.0,31,0,1.61,0,0,0,5.21,8426,772911.8626207206
2071,4,4.0,31,0,2.63,1,1,1,8.99,5483,667786.6087380949
2643,3,2.5,3,0,9.61,0,0,0,6.77,6307,1039106.0243104165
2187,5,1.4,17,0,9.01,1,0,1,4.72,2638,929829.0113097663
4632,4,3.2,48,2,6.87,1,1,0,3.64,3818,1228943.571844654
4351,5,2.0,18,1,5.14,1,1,1,4.38,8332,1210820.1585748608
3940,4,4.0,42,1,7.08,0,1,0,5.58,3467,1104964.1747374495
4266,2,3.9,34,1,6.57,0,1,1,3.87,5108,1099833.12477199
2826,3,3.0,39,2,6.12,0,1,0,9.72,5329,788756.0393613831
3414,4,1.4,13,0,1.53,0,0,1,9.4,7488,695501.7816872795
4452,1,3.1,32,1,6.7,0,0,0,8.84,2515,981438.9209395455
1095,1,1.3,13,2,7.92,1,0,1,4.8,7271,671735.798918028
1228,4,1.1,33,0,9.95,1,1,1,7.22,3049,779582.8768285206
1865,4,3.5,3,1,1.1,1,0,1,9.13,4361,615110.248498126
4992,4,1.6,23,0,7.57,1,1,0,8.65,5245,1270948.7508105156
1198,1,2.1,28,1,6.15,1,0,0,4.73,3566,685742.9844858596
895,1,3.9,18,1,4.91,1,0,0,2.01,3188,435960.53817461827
4671,4,2.0,5,1,2.15,1,1,0,1.68,1215,1041493.571585939
4860,5,1.9,32,0,4.68,0,1,0,6.19,4678,1075862.1857250244
3002,5,3.8,48,2,4.19,1,0,1,6.78,2690,814547.9689757777
2319,2,1.3,39,0,3.73,0,0,0,8.65,7472,537971.5252711915
1217,3,3.3,18,1,7.58,1,0,1,3.63,3673,759534.153381952
3282,5,4.0,0,0,7.31,1,0,1,2.51,3078,1209530.6408673015
4077,1,3.7,4,2,6.3,0,0,0,4.41,9522,1114672.9223401502
643,5,3.0,26,0,9.45,1,1,1,4.18,7413,788474.9206140615
3640,2,1.9,15,2,4.15,0,1,0,2.19,7122,926870.528185016
4991,2,1.8,5,2,3.19,1,1,0,7.05,5075,1065792.4218144242
3438,3,3.5,39,0,6.9,0,1,0,5.58,5025,928651.0727439646
4136,5,3.6,12,1,2.79,1,0,1,7.49,8147,1024757.7315243612
3722,1,2.6,47,2,3.84,0,0,0,4.17,8190,820947.1038703345
1667,1,1.7,34,0,3.02,0,1,0,3.93,8151,458769.1215116073
3116,4,1.3,18,2,1.62,1,0,0,5.25,5392,728625.6527315942
1562,1,1.3,11,1,8.45,1,1,1,8.9,6745,751700.7395496404
2656,3,3.2,15,0,3.29,0,0,0,1.36,5503,740495.5980716972
3482,3,2.3,42,0,5.26,1,0,1,8.24,3530,877755.7906408708
3794,1,3.7,9,0,1.39,0,0,1,4.32,2095,771886.4691886771
1656,1,3.2,24,1,7.29,1,1,0,8.69,6130,744717.8276413344
1232,4,1.6,19,2,3.98,0,1,1,8.22,3991,656459.6605117982
4830,1,2.8,30,0,7.7,1,1,1,4.14,7245,1304531.3121900035
1453,4,2.3,3,2,4.71,0,1,0,7.24,8598,693009.5878464316
3039,4,2.7,43,2,2.76,1,0,0,2.44,9654,744909.6361575891
3824,1,3.2,22,1,5.62,0,0,0,9.07,2202,897643.3750121768
3801,2,3.4,1,0,2.17,0,0,1,4.64,3130,921889.4075574169
2042,2,3.5,21,2,4.96,1,0,0,5.1,8624,716773.1268583247
1691,4,1.8,36,0,3.86,1,1,1,7.35,8207,599648.5183432268
3493,1,1.1,7,0,9.21,0,0,1,8.39,342,997139.8337192796
3181,2,3.2,6,1,1.55,0,0,1,3.13,1984,736314.3638579258
1717,1,1.3,13,0,7.25,0,0,1,6.95,8115,662042.6761357285
2040,1,1.9,2,0,2.64,0,1,1,4.53,9724,595812.9004074128
3736,1,1.0,49,2,3.87,1,1,0,4.32,6847,787819.1552674188
2886,5,3.0,15,1,4.74,0,1,0,7.21,8594,967545.5349765866
4219,1,1.5,18,0,9.17,0,0,1,4.48,4430,1110786.1187783002
1888,5,3.0,17,2,3.18,0,1,1,4.11,7963,766347.2422394218
2356,4,4.0,15,1,1.82,1,0,0,8.52,3209,623588.2071838167
1865,2,1.2,7,1,3.87,0,0,0,1.91,2286,519442.6836059629
999,2,1.2,32,2,1.94,1,0,1,7.08,1650,286660.3626755039
2180,2,2.0,48,2,2.16,1,1,1,3.24,746,455958.2136482623
1010,2,3.6,11,2,6.16,1,1,0,1.14,6244,727949.9223192154
4812,2,1.6,10,2,1.55,1,0,0,2.5,4756,890381.1945238448
1824,2,2.1,4,2,1.28,1,0,1,6.46,9004,517424.02362036967
1655,2,1.2,26,0,7.43,1,1,0,7.38,637,713116.0798799382
2327,4,3.3,11,0,4.25,1,1,0,1.19,6672,857427.6339872318
3641,1,2.2,16,1,2.13,0,1,1,1.33,334,695087.0542001367
3986,3,3.3,5,0,3.28,0,0,1,9.12,9796,964807.1789965469
2310,5,3.7,32,0,6.78,1,0,1,1.66,6639,989419.6991154128
3423,3,1.7,4,0,3.48,0,0,0,9.05,1474,735727.8544905068
2714,3,3.4,27,2,5.45,0,1,1,3.05,2009,898073.6664000915
4686,1,1.2,13,1,2.1,1,1,0,7.66,9207,863471.019710273
1213,1,3.7,4,1,6.29,0,1,1,3.79,7318,721372.8476618495
4102,1,3.0,32,1,3.84,1,0,1,8.73,180,887113.5680664829
4634,2,3.6,49,1,6.64,0,0,0,7.3,2183,1109572.3477912727
4022,4,1.0,47,0,8.28,1,1,0,4.62,1790,1124107.3043444352
4768,2,1.5,40,0,6.5,1,0,1,1.69,856,1033355.8195224424
1743,4,2.2,18,2,3.66,0,1,1,7.59,2770,632177.6620372096
4209,4,2.1,21,1,3.3,0,0,0,6.55,3851,991500.6822136936
1581,3,1.7,4,0,3.95,1,1,1,1.03,8759,557029.5589108785
955,3,2.1,1,0,2.48,1,0,0,1.08,5361,503001.3056931033
1394,4,1.4,29,2,2.63,1,0,0,8.28,6952,558045.2549814543
1884,4,2.2,46,2,8.12,0,1,1,3.33,1594,754688.2239757599
2458,2,3.4,38,2,4.46,0,1,0,6.73,5840,684715.046442626
3572,2,2.4,3,0,4.92,0,1,0,5.09,9311,969792.1660975266
2496,3,1.1,32,0,6.35,0,1,0,8.77,8155,713518.744209318
4785,1,2.3,12,2,6.31,1,1,1,9.25,1001,1235233.9591822682
1004,4,1.1,19,1,1.61,1,0,0,9.97,772,378054.81328780355
1714,2,3.9,6,2,8.48,1,1,1,2.38,8730,903601.838022844
2031,3,1.4,14,2,2.6,1,1,1,8.77,544,550367.0950034494
3940,2,3.1,22,2,7.51,0,1,1,3.39,9257,1208326.8410917511
1323,4,3.9,13,2,7.95,1,0,0,6.32,8755,895657.9701373664
1428,4,3.5,22,0,7.43,1,1,0,5.55,2298,896362.001765152
633,5,3.1,18,1,6.21,0,1,1,1.16,2387,609590.8897275259
2605,1,3.5,28,2,1.13,0,1,1,9.39,4108,642800.8919735996
4127,5,3.9,19,1,4.24,1,0,0,1.7,9204,1071874.3027618215
2352,3,2.9,28,1,6.44,0,0,1,7.19,596,807846.0466227935
4675,2,2.7,23,1,4.49,1,1,1,8.07,1563,1112832.1220779743
3433,3,2.9,17,2,8.77,0,0,0,8.16,6928,955594.9953566784
3784,4,2.6,9,0,3.78,0,1,1,2.22,4353,1017825.3149041391
4798,5,2.9,40,2,3.64,1,0,0,5.03,593,1140743.4845524693
3311,5,2.3,7,1,3.39,0,1,0,8.46,5165,924469.0876736871
1750,5,1.7,25,1,4.0,1,0,1,3.72,5530,765216.9405038839
4012,3,1.4,28,0,6.02,0,1,0,5.21,1526,1018638.8641752945
1756,4,1.2,9,2,7.36,0,1,0,3.46,9984,810159.7449323743
3876,2,1.8,16,1,6.96,0,0,0,5.17,1893,1061965.556720764
3986,2,1.1,1,0,8.27,0,1,1,8.99,2823,1076866.685972229
4084,3,2.7,5,1,8.97,0,1,1,5.1,758,1249510.896247299
1896,5,1.9,4,0,8.34,1,1,1,6.0,4861,986294.1636700619
4137,1,3.5,27,0,1.17,0,1,0,4.64,7730,817904.0412073355
3830,3,1.2,40,2,7.62,1,0,0,5.14,8841,1132561.5995925083
3203,3,1.7,4,1,2.88,0,1,1,1.14,8934,965853.7347919384
970,4,3.2,17,2,2.2,1,0,1,3.55,4450,445131.80290243
1853,2,2.8,25,1,6.75,0,0,0,4.93,307,674918.1940595156
3283,3,1.2,19,2,3.88,1,0,1,6.7,4290,843218.9181281155
3331,3,3.6,40,1,1.51,1,0,1,5.05,1983,704655.452834663
857,5,3.6,48,2,2.24,0,1,1,4.04,2986,443494.68657510506
3519,5,2.0,26,0,1.01,0,1,1,4.49,577,775575.9803137535
1167,1,2.0,48,1,9.13,0,0,1,3.18,9053,717060.4165683384
4968,4,4.0,11,1,1.22,1,1,0,9.32,8481,1082371.6365152942
1645,1,2.9,6,0,2.89,1,0,1,5.7,6954,554906.5251632115
4685,5,2.6,2,2,4.75,0,1,1,1.12,855,1201731.4932753192
4219,2,3.5,9,1,4.21,0,1,0,1.18,9738,1133366.1419723858
3245,5,1.9,33,1,9.21,1,1,0,9.76,5031,1192774.44182965
1039,4,2.3,24,2,1.36,1,0,0,2.99,9955,490615.7001804235
3279,5,1.8,34,0,5.61,0,0,0,8.25,5824,813751.1706067023
4636,4,3.4,15,2,7.12,1,1,1,1.52,4250,1328939.4784982763
4275,4,2.7,1,2,9.39,0,0,1,9.29,4160,1324083.2979886443
3008,4,3.0,23,2,6.58,0,0,1,8.87,4865,907140.2736038882
3279,4,1.8,9,1,8.23,0,1,1,6.14,3712,1091164.1852364463
1424,4,1.7,37,0,1.75,1,0,0,1.08,6653,437076.08962671214
3456,2,2.5,21,0,4.47,1,1,0,3.32,7478,954896.9087293615
2081,1,3.2,25,2,4.37,1,1,1,4.66,1789,667380.4780160685
3824,3,2.6,42,1,8.98,1,1,1,5.14,1416,1221145.1444136847
4985,1,1.1,38,2,2.36,0,0,1,3.68,7230,867631.5981915307
755,4,3.6,26,1,2.37,1,1,1,1.3,3286,446788.0401169323
2338,2,1.2,28,1,3.96,0,1,0,6.31,5889,597626.8846134007
2444,5,3.9,46,1,1.49,0,0,1,5.72,1245,606118.5943332404
509,2,1.1,37,1,2.64,0,0,0,3.55,4494,116244.3799298701
3371,4,3.1,19,0,9.69,1,0,0,1.34,8042,1231624.878270547
1297,2,1.2,26,1,4.85,0,0,0,9.95,7648,560007.1265872875
1515,2,3.7,40,1,6.69,0,1,0,5.34,660,691913.4783988676
2324,4,2.4,19,2,7.54,1,0,1,7.8,2012,900126.5036597418
4969,2,1.4,43,2,4.3,0,0,1,5.07,1964,946590.4458865203
3636,3,2.0,18,0,2.33,1,0,1,1.39,396,715278.8882125493
2693,3,1.5,19,2,2.86,1,0,1,3.79,2509,620393.8187642342
723,2,1.5,34,1,3.82,1,1,0,3.88,7730,409158.00624965614
4658,5,3.8,46,2,6.72,0,0,0,8.55,1561,1282100.5009225635
4425,4,2.3,1,0,4.58,1,1,0,6.89,4392,966406.3304684297
4500,3,3.4,29,2,1.06,1,0,1,3.48,2368,956450.8944617532
2133,5,2.9,33,2,5.71,1,1,0,9.71,1094,759484.229380703
2652,2,3.0,21,0,9.29,1,1,0,3.89,6654,1012345.2520485829
1010,5,1.4,2,0,8.31,0,0,0,9.98,107,633750.0556727994
884,1,1.7,5,1,8.43,1,1,0,9.97,2615,584953.0604256548
904,3,3.4,14,2,8.16,0,0,1,2.72,1517,742866.861933616
2500,2,3.9,26,1,3.91,1,1,0,3.81,2416,761670.1743234835
3256,4,1.8,9,2,7.89,0,1,0,5.37,7458,1117757.0029359646
2168,2,1.8,8,2,2.29,1,1,1,6.98,4032,533697.8146945905
1960,4,2.4,32,1,6.92,0,0,1,5.75,6304,829468.6166739044
4136,2,4.0,31,2,6.77,1,1,1,9.72,1387,1174825.3777127592
3224,5,1.8,47,2,1.23,0,0,0,7.52,1218,649814.6843215736
4678,5,2.2,5,2,8.09,0,1,0,2.91,8844,1350821.919146577
2548,5,3.7,40,0,9.13,0,1,0,1.95,7737,1064056.5433594473
4646,1,1.0,35,1,3.41,1,1,0,7.2,760,882177.5471594839
1216,4,1.1,1,0,8.31,0,1,1,2.43,9007,855210.8164992504
2323,5,2.8,28,1,1.74,0,1,0,8.09,7022,604782.7851036609
2581,1,3.7,3,1,6.4,0,1,0,3.8,8204,904571.2215038334
3919,4,1.7,0,2,5.37,0,0,1,3.94,6437,982918.899751443
2074,2,2.4,18,1,5.91,1,0,1,1.1,2629,780509.9894595111
749,1,2.4,25,0,9.34,0,0,1,7.31,4070,592672.2774547632
1173,3,2.4,24,0,8.84,0,1,0,2.02,3507,775008.3108680284
2665,1,2.9,9,0,8.07,0,0,0,7.96,9750,945621.2447623917
1270,1,2.4,14,1,3.46,1,1,0,5.43,9146,490581.35289526737
4462,4,2.3,21,0,9.21,0,0,0,8.06,7516,1255639.4151233858
4863,2,2.4,47,1,1.88,0,0,0,6.26,4860,868174.7455676629
2484,3,2.8,20,0,8.68,0,1,1,1.74,1997,990288.186596666
1577,5,2.6,21,0,3.95,0,1,1,7.89,6464,672412.8912821958
735,5,3.6,35,1,1.48,1,0,0,1.63,8564,459870.55881817313
888,1,1.1,33,0,7.02,0,0,0,5.31,4187,451590.4846375934
3537,4,3.5,29,2,3.08,0,0,0,2.55,9564,976536.0964577053
2348,4,3.5,24,1,3.19,1,0,0,7.77,4474,734819.37380604
3314,5,1.9,44,1,3.75,1,1,0,9.2,7707,911392.2196126013
3874,3,2.4,27,1,1.57,1,0,1,5.99,4119,825580.3361685959
3778,2,2.3,0,2,2.59,0,1,1,5.74,915,886365.272763927
1752,3,1.7,48,1,1.05,1,1,1,7.88,7355,426815.4474297728
4481,2,2.2,44,0,5.01,0,0,0,1.05,1022,928321.2760781152
2622,5,1.1,3,0,1.76,1,1,0,9.26,4967,715601.9090552184
2650,2,1.8,6,0,7.14,0,0,1,2.78,1364,872649.5312290709
1829,4,3.5,48,1,3.12,1,1,1,9.86,3824,592591.8077243302
1858,1,1.9,8,0,9.49,0,1,0,7.63,2822,769028.7507064298
2982,1,3.5,35,1,8.84,1,0,1,7.97,5455,1079480.7768854059
2517,5,2.6,18,0,3.6,0,1,1,6.91,2650,753881.2717316285
1831,4,3.6,0,2,8.05,0,1,0,5.24,5419,879708.8711390725
4844,3,2.7,9,2,8.23,0,0,1,6.14,6786,1333401.123291226
4761,4,1.1,35,2,9.88,0,1,1,1.42,1773,1337868.9781099719
1858,1,3.0,8,2,6.38,0,1,1,6.62,4687,749937.6799927426
3677,1,1.1,44,1,1.74,0,0,0,6.63,5453,646477.9900985683
2628,4,2.4,45,0,6.82,0,0,1,9.02,6957,816908.0239284883
2680,4,3.8,41,2,6.62,0,1,1,5.55,1766,905805.0473959753
637,1,1.5,31,1,6.75,1,1,1,1.69,4611,613775.2368469429
3972,3,2.2,31,2,3.76,0,1,0,3.76,6272,843381.651236901
3332,5,3.2,5,2,8.74,0,0,0,6.9,1484,1148150.8846052862
4079,5,3.6,47,1,9.64,1,1,1,3.15,4503,1376057.5930329408
3531,4,3.0,37,1,2.96,0,1,0,3.52,4054,867666.6224446234
4664,5,1.8,16,0,1.79,1,1,1,8.38,6405,1052227.429663831
3093,1,3.0,9,0,2.75,0,1,0,6.26,8352,834988.5939942002
4800,1,1.9,49,2,8.38,1,1,0,5.58,7338,1301737.5871945997
4318,4,3.2,26,2,7.09,1,1,1,3.87,7081,1209478.2643058563
4638,4,3.9,49,0,6.72,0,0,1,7.58,6126,1082894.8291946251
4323,4,3.2,34,0,4.62,1,0,1,3.59,6709,1089387.6203349258
4542,3,3.6,20,1,6.2,0,1,0,7.63,8764,1112264.115922119
2406,5,1.0,24,0,3.77,0,1,1,1.63,1058,602216.5339902461
1260,4,3.2,27,0,5.29,0,0,0,8.78,8824,611532.1428930793
3945,2,3.5,46,2,8.14,0,0,0,5.5,593,1095567.2662742618
1399,2,1.1,14,0,9.83,1,0,1,4.95,7142,902867.0322774507
4955,1,3.6,3,2,9.39,0,1,0,6.5,181,1401576.5534995212
3447,5,1.8,28,0,9.4,1,1,1,6.62,7099,1283423.004298482
2219,4,3.0,8,1,4.62,1,1,0,2.19,3070,830027.7092667989
780,2,3.4,26,0,5.22,0,1,1,7.81,111,427691.4880660321
3766,5,3.0,25,0,7.35,0,0,0,3.48,7924,1160729.3528085812
2387,1,1.3,18,0,9.3,0,0,0,9.14,861,876370.654975991
3766,3,2.8,27,2,2.28,0,0,1,8.36,3285,828079.2198955786
1166,5,2.6,16,1,3.74,1,0,0,4.12,125,630452.523267787
4688,5,3.7,42,0,2.25,0,1,1,8.27,1906,974717.4643481912
1171,3,2.2,40,2,6.51,1,1,0,4.21,6751,687149.9558557662
2469,5,2.0,41,1,3.76,0,0,0,1.91,5764,686903.3959329065
4656,1,3.2,49,2,3.93,0,0,0,9.66,5254,1044822.1795698551
3622,1,2.2,19,2,1.64,0,0,1,6.87,5924,765633.0343163606
4400,3,2.9,44,1,4.15,0,0,1,5.1,3759,913959.7434574396
1023,4,2.9,39,0,8.76,1,0,1,4.58,1625,828304.873423731
2893,2,3.7,38,2,3.1,1,1,1,3.92,860,726991.0120821306
3617,4,2.8,48,2,7.26,0,1,1,9.83,694,1023554.7979783269
3093,5,2.5,22,0,6.67,1,0,0,2.21,7292,1032275.039791283
2468,2,1.4,46,0,8.77,1,0,0,3.83,1155,852824.5987421827
2253,3,1.3,31,1,2.19,0,0,1,5.37,3183,547701.1111744199
2796,3,1.5,46,1,9.8,0,1,0,5.3,3775,913122.7247330273
2761,2,1.5,32,1,6.24,1,1,0,5.24,9750,874051.7317581056
2786,1,2.9,45,0,9.96,1,1,0,2.58,6057,1065317.2968567852
4702,2,3.2,4,2,9.2,1,0,0,2.3,5355,1432168.201499708
3378,5,2.6,42,2,2.99,1,1,1,3.29,9511,846214.3703273982
4643,1,3.5,47,1,1.51,0,0,0,9.23,4328,765657.3559259486
4144,3,4.0,33,0,3.3,0,1,1,2.02,4281,919678.917689956
4932,2,3.5,39,2,5.75,1,1,1,7.82,9791,1236145.6496000225
2555,4,3.1,10,1,2.54,0,1,0,7.82,1930,616217.6108776219
1776,4,2.6,49,2,2.51,1,0,1,8.29,3495,471787.8613859266
3266,5,2.3,2,2,5.16,1,0,0,8.98,1303,926258.2505174384
802,4,1.3,32,0,1.3,0,1,0,3.37,2910,193160.49438846388
1138,2,2.2,10,0,2.1,1,0,0,3.02,3192,401170.04480704514
555,2,3.7,15,2,4.74,1,0,1,5.19,3144,415695.23804959527
1025,4,3.4,17,1,1.57,0,0,1,3.39,6171,473422.23847717664
4623,2,1.6,29,0,4.57,0,0,1,7.61,7372,960908.9180665563
2625,5,2.4,47,2,5.27,1,0,0,6.72,4773,779315.8396381779
3787,1,3.5,9,0,5.06,1,0,0,8.87,3614,913732.5689215371
864,5,1.2,17,0,8.82,0,0,0,1.74,6292,717340.6953852309
2146,5,2.2,37,0,5.77,1,1,1,9.24,244,787063.3091371558
1418,2,3.6,18,2,5.21,1,0,0,3.64,7607,740889.8636798558
3297,1,2.2,35,1,4.7,0,0,0,5.42,4957,813930.2907607477
2031,2,1.2,12,1,8.36,0,1,1,4.95,1477,938869.4161388308
3845,3,2.6,45,1,9.06,0,1,1,7.84,3246,1163544.8604688724
2406,2,3.6,2,0,8.68,0,1,1,4.78,5124,1002635.7551186966
3586,2,2.8,9,2,7.06,0,1,0,9.49,893,996063.4090334185
2575,2,1.7,37,0,2.24,0,0,0,9.12,9893,507925.0521528734
1213,1,2.2,0,1,3.49,1,1,0,8.85,5856,529431.901328296
1562,2,2.4,26,1,1.41,1,1,1,1.64,4514,429197.7929110898
2476,1,2.7,45,2,9.38,0,0,1,8.69,1210,880448.8069595968
1796,4,3.3,7,0,6.95,0,0,1,8.03,5772,809666.7552098058
625,3,1.3,45,1,7.72,1,0,1,1.93,4153,543460.1471748856
4096,1,3.7,41,2,3.8,1,1,0,1.97,4037,901175.4853516909
3783,4,1.0,16,0,8.61,1,0,0,1.91,4063,1262950.875086592
2103,1,2.1,8,0,3.34,0,1,0,1.1,5042,529331.4416890854
566,1,1.1,5,1,1.01,0,0,0,5.94,5997,195297.0717826692
732,3,2.2,42,1,4.39,1,0,0,9.76,9074,488999.1904078603
2656,5,2.6,24,0,6.14,0,1,0,4.95,1216,893182.8432464139
1669,5,2.5,38,0,5.31,0,0,0,5.87,1850,596073.222202217
2658,1,1.5,48,1,8.76,0,0,0,9.71,4127,738177.643222733
4706,2,2.9,27,0,1.95,1,0,1,3.3,5845,955614.3221629763
1993,4,1.1,32,1,5.98,1,0,1,8.73,5164,582144.237543256
4507,2,3.3,36,0,5.62,0,0,0,5.92,9779,1061838.3530197935
2972,2,3.8,8,1,3.53,0,1,1,6.13,6038,831581.329344727
3160,1,2.0,17,2,8.4,0,1,0,4.09,3497,1050541.09642633
3239,1,2.6,20,1,7.78,0,0,0,6.05,8365,907258.0128457784
2261,1,2.1,1,1,7.6,0,1,1,1.66,1459,847971.4300076967
4014,1,1.0,42,2,8.89,1,1,0,7.88,9383,1131960.0823418759
2475,5,2.2,37,0,7.51,0,1,0,3.56,4953,905993.3879351781
2862,1,3.4,39,2,3.09,0,0,0,8.99,2041,560922.675154479
1376,5,2.8,35,1,7.35,0,0,0,4.31,3248,690214.9134808058
4312,5,1.3,49,0,3.77,1,0,0,2.29,8033,1030010.5780115697
3948,1,3.5,42,2,3.18,1,1,0,7.26,9536,906546.3192645558
1812,3,2.6,36,0,1.66,0,1,0,2.48,1385,372119.1926011385
1960,4,3.5,14,0,7.7,1,0,1,7.78,6574,944131.6073338669
3209,2,2.7,27,2,7.4,1,0,1,9.71,870,884186.763697361
2824,5,2.7,17,0,3.11,1,1,0,8.02,1943,760363.9751193625
2233,4,1.3,33,2,7.74,1,1,1,1.2,173,922978.8277288239
2105,3,1.5,21,1,9.26,1,0,0,6.4,1760,939235.2940009368
3063,2,3.9,10,0,1.97,1,1,0,7.26,4449,628998.7881169601
3921,2,1.7,12,1,3.09,0,1,0,8.43,7202,889089.5053735349
4017,5,3.9,3,1,7.75,1,1,0,1.5,8100,1372136.2320025233
2897,1,2.6,21,0,3.47,1,1,1,5.32,9111,735154.2265920935
4235,3,1.4,6,2,6.62,0,1,1,5.82,3918,1141285.4544717176
3370,5,1.3,42,0,1.73,0,1,1,2.52,431,553956.4136329328
1660,3,1.6,23,1,5.07,0,1,1,3.9,1521,490205.9842596044
742,1,3.8,3,1,7.65,0,0,0,4.96,7612,710486.6360004127
3090,1,2.2,27,2,7.18,1,0,1,8.5,6990,905005.2385507015
1563,5,2.2,14,0,8.34,1,1,0,9.36,5031,830494.388424893
4824,1,1.9,0,1,8.9,1,1,0,6.66,9983,1348948.8201847014
3095,4,1.4,2,1,7.96,1,1,1,4.55,6125,1079828.3894611564
1419,2,2.5,13,1,7.04,0,0,0,3.29,4508,662005.3933231526
505,5,1.4,37,2,1.29,1,0,1,9.84,5213,309839.45309550245
967,3,3.5,49,1,5.81,1,1,1,9.85,8519,526118.1871160306
4670,4,2.1,0,1,1.34,0,0,1,9.32,2981,991800.8825930296
503,5,2.1,37,0,8.27,1,1,1,8.07,2965,640912.4987562824
1145,1,2.4,37,0,3.89,1,1,1,3.93,2675,407692.07496295637
617,1,2.3,20,1,6.06,1,1,0,8.35,6285,452214.51577388344
3428,1,4.0,47,1,3.52,1,1,1,4.68,8756,853712.5943227662
3051,1,2.6,28,0,8.04,0,1,1,3.94,5841,945837.1145110811
4789,3,1.3,4,2,8.98,0,1,0,7.7,377,1214292.996274062
1346,4,2.8,48,2,4.59,0,1,1,1.72,165,556533.2447310932
3262,2,1.5,9,2,8.77,0,0,1,1.44,4362,1028950.0498558591
1641,3,1.1,27,2,3.4,0,1,0,5.03,5804,592112.8268260435
2310,3,3.9,20,2,5.81,1,0,0,5.01,8694,873942.6207485871
1223,2,3.3,49,2,8.73,1,1,1,9.06,8089,849561.9714185279
724,2,3.9,6,2,3.93,0,1,0,2.14,6355,500676.2887816371
4708,1,2.4,2,2,9.59,0,0,1,2.11,7541,1341298.4055627985
2548,3,2.6,44,0,2.1,0,0,0,2.33,4792,583837.6612617857
4915,5,1.5,46,2,1.16,1,1,1,1.27,4519,1024701.6305287017
2073,2,1.7,19,2,9.14,0,0,1,1.65,8060,949049.5536226482
2328,2,3.5,18,2,1.62,1,1,1,6.94,6178,605999.5223783262
2417,4,2.1,34,1,9.93,1,1,0,4.88,1537,964351.0431504702
4734,5,3.5,3,0,9.56,1,0,1,7.87,8720,1448578.9864256412
2526,5,3.1,4,0,2.23,1,0,0,9.93,7132,790455.3432042799
4244,2,1.5,0,0,5.84,0,0,1,6.93,5831,988070.8408284232
1401,1,2.5,3,2,2.66,1,0,1,1.45,3478,500943.7496921673
2539,4,3.0,11,2,4.85,1,1,1,1.94,8684,966562.8957211593
509,5,1.7,26,1,1.55,0,0,1,8.93,6447,334252.713237441
760,2,3.5,41,0,3.02,1,0,1,5.75,6501,419525.918390896
2173,5,2.6,22,2,4.27,1,0,0,8.42,6729,754037.1790389651
2719,4,1.5,24,0,4.95,1,0,0,8.71,4641,708748.3189225132
2560,4,2.7,20,1,9.8,0,0,0,9.35,7976,988591.2035548933
4213,3,4.0,23,1,8.27,1,1,1,9.55,8633,1336189.5087964474
2119,2,1.5,24,1,7.64,1,1,1,5.99,8424,887701.866662787
820,4,3.5,44,0,5.83,0,0,0,4.07,364,446220.75461122673
1842,3,1.6,45,2,8.56,0,0,1,9.66,9977,832357.8814852411
2876,3,3.3,31,2,4.05,1,1,1,5.93,1534,894358.9219382168
3332,5,3.2,31,1,7.38,1,0,1,1.58,5427,1114726.5394356835
3324,5,1.9,4,2,9.94,0,1,0,6.78,5197,1237999.0590339804
2494,3,2.0,35,1,3.83,1,1,0,6.29,1760,728524.2592788105
3458,5,3.4,45,0,7.07,0,0,0,9.06,5792,958074.1801918799
2538,4,2.4,41,1,8.6,1,1,0,6.88,2454,1065049.890231074
3990,1,3.2,48,0,9.24,0,0,0,4.14,8557,1168738.8989323266
4177,4,1.4,41,1,7.46,1,0,1,9.7,6561,1135056.407360173
1618,3,3.6,38,2,3.55,0,1,1,8.21,9428,606564.6077907644
2104,3,3.1,15,2,3.94,0,1,1,6.67,7144,752708.8722306874
4527,4,3.7,32,1,1.19,0,0,1,3.64,5597,852320.8750667777
735,5,1.4,48,2,7.85,0,1,0,4.36,4649,734299.3883954809
2469,5,2.8,20,2,1.38,0,0,0,7.03,6434,691814.5786721174
4929,3,2.8,8,2,8.78,1,1,1,1.65,6110,1521850.6798401128
2408,2,2.1,5,0,2.07,1,1,0,3.31,5026,632817.8581841846
875,5,2.4,44,2,2.55,0,0,1,7.43,9682,410995.5401960186
4030,4,1.1,34,0,5.29,1,0,1,5.32,9404,970704.6398324862
3135,5,3.2,38,1,7.64,1,0,1,4.62,6165,1110653.7304423403
2070,4,2.6,21,2,2.25,1,1,1,2.36,2279,637967.6460171865
3060,3,1.2,40,2,4.96,1,0,0,4.98,5067,789067.1533407647
3891,5,3.0,4,2,5.35,1,0,1,7.94,734,1129439.9563337625
3465,4,2.4,41,1,2.91,1,1,0,3.38,3731,794038.5841581831
4143,3,1.1,22,0,2.04,0,1,1,1.05,9691,927852.3381991595
4350,2,3.9,16,0,8.53,1,0,1,7.02,4777,1251897.9461055072
1372,4,3.8,11,2,5.52,1,0,1,9.75,2318,641234.0340852014
1752,2,2.5,22,1,1.13,1,0,1,6.46,1489,406944.8660615836
1814,2,1.3,15,1,8.23,0,0,0,2.08,4376,834489.2724985132
3398,1,3.3,2,1,9.83,1,1,1,3.89,1349,1151644.8743318808
577,5,2.5,29,1,6.45,1,1,0,8.81,7740,660403.8743618809
3121,4,1.9,21,1,5.53,1,0,1,3.09,5812,944343.6718347286
4727,2,2.5,8,0,8.91,0,0,1,6.47,1345,1249339.9849135443
1100,1,2.6,28,0,9.57,1,0,1,4.62,8345,884754.7075391638
1565,3,2.7,46,0,7.79,0,1,0,2.87,542,637399.1878535172
2636,4,2.3,36,2,5.01,1,0,1,8.32,7076,779673.3197505109
2949,2,2.8,22,1,6.33,0,0,1,7.69,4775,868103.4965508296
2843,5,3.8,12,2,7.31,0,1,1,6.95,8053,1208252.4696025043
2363,1,2.1,31,1,2.75,0,1,1,3.13,4477,583629.9411603846
1818,2,3.2,45,0,5.02,1,0,1,1.88,7158,669802.6469277726
4097,5,3.7,46,2,8.47,0,0,0,6.19,922,1168918.2250206682
4262,2,2.4,47,0,6.89,0,1,0,5.98,3039,1040026.4289280951
2690,4,2.3,22,1,4.7,0,0,1,2.7,7196,807289.1296681769
1492,4,2.8,44,1,6.97,0,0,1,1.51,5865,759841.1302216628
3212,4,2.8,16,1,2.06,1,1,0,1.73,1131,842514.3663242747
2692,1,3.4,39,0,4.61,1,1,1,9.93,662,700254.74185859
1748,4,2.4,20,1,8.14,1,1,0,8.05,440,776875.9980951968
3554,5,4.0,1,0,2.98,1,0,1,9.3,4667,956613.4923512868
4533,2,1.2,36,2,2.67,0,1,1,2.76,7962,998566.0874210583
2497,3,1.0,5,1,9.56,1,1,0,9.65,2396,939946.9703110395
4187,5,2.9,43,1,2.89,0,0,1,2.28,334,940515.844519665
2651,5,1.9,17,1,3.35,1,0,0,5.58,5302,696472.9784993691
4518,4,1.7,29,2,9.73,1,1,0,8.47,9408,1294899.6332761738
3610,1,1.9,21,1,7.61,1,1,0,4.15,9709,1124813.2917651494
2470,2,1.8,32,0,7.3,0,0,1,4.82,1391,812931.669132464
697,1,1.1,29,0,8.68,1,0,0,2.15,4827,599383.2565019213
3126,2,3.9,16,1,2.04,1,1,0,2.11,8820,693361.3367845853
1702,2,1.7,42,1,7.35,1,1,1,6.58,3039,684450.3564281646
2535,1,3.2,31,2,5.53,0,0,1,7.08,5535,788365.7001543343
977,5,3.3,41,2,8.46,1,1,1,8.0,7081,739501.7246039505
1754,2,3.8,13,2,5.57,1,0,1,6.01,5492,739315.7305045702
1422,1,1.1,9,1,6.58,0,1,1,6.81,9621,694687.6855309659
919,2,3.6,46,2,5.3,0,0,1,1.12,8072,478053.0643327597
2704,3,2.6,35,2,5.3,1,0,0,2.46,1333,724000.6706525602
3097,5,2.9,33,0,7.91,1,1,1,9.86,2900,971558.594187791
1620,4,2.9,8,2,6.66,1,1,0,1.68,2875,854699.2605805756
3568,2,3.5,41,0,6.7,0,0,1,7.11,6144,930520.0735568549
1450,3,2.0,27,0,5.05,0,1,0,2.58,3587,624937.4313231558
2836,4,3.2,10,2,5.78,0,1,0,7.45,7483,951615.9192617307
2743,4,2.6,13,0,7.71,1,1,1,7.35,3950,1100976.735896902
3145,2,3.4,38,1,8.43,0,0,1,3.11,5097,952310.8900875326
2357,1,4.0,46,1,7.27,1,1,0,3.43,990,844438.5852554549
2365,2,1.6,18,2,9.32,0,1,1,6.89,6020,913639.2614487675
3412,3,4.0,14,1,8.38,0,0,1,4.51,1288,1146700.6349574015
3353,4,1.3,27,0,6.06,0,1,0,2.75,5744,936916.794513642
3728,2,1.0,23,1,7.04,1,1,0,7.59,840,931793.958808981
4219,1,1.1,7,2,9.34,1,0,0,2.39,1469,1191387.3876945563
3728,2,2.0,42,2,6.57,1,0,1,8.7,9681,1002259.9038605825
2871,5,2.9,8,0,8.42,1,1,1,5.63,2100,1075034.5530002387
3391,1,1.2,46,2,7.2,0,1,1,1.95,1571,947113.3607491788
4256,3,1.0,32,1,5.97,1,0,1,7.25,1636,963275.3691665543
4725,4,3.8,32,2,3.18,0,0,0,5.67,418,1126040.4279016582
594,2,3.5,18,0,4.83,1,1,1,3.68,5253,580149.5150313427
3174,1,3.4,2,2,9.71,1,1,0,4.8,1994,1173007.0559526768
2455,5,3.7,9,1,6.92,0,1,1,3.69,8091,1156520.7137348596
1293,1,3.1,39,0,6.08,0,0,1,3.37,9567,573470.0587053368
2334,5,1.3,46,1,9.4,1,1,0,2.47,8692,1023778.7933782174
2616,3,2.2,41,0,6.28,1,0,1,4.26,6035,835409.0231799604
4606,4,3.2,0,2,5.73,0,0,1,3.26,823,1251088.3846603911
3825,3,1.8,28,0,7.83,0,0,0,7.15,2429,1089450.818353331
3419,2,3.1,49,0,7.41,0,1,1,7.15,9427,1012182.468830568
3097,1,1.1,33,2,2.74,0,1,0,5.52,2870,687389.69476576
3705,5,1.9,12,1,5.24,0,1,0,8.0,7645,986455.6004826705
1314,5,2.6,0,2,5.25,1,0,0,8.57,4946,694172.4925768101
845,1,2.9,33,0,4.4,1,1,0,6.22,367,500399.3780131502
2849,1,2.7,28,2,5.66,1,0,1,6.57,669,840687.808176468
862,2,3.1,47,0,4.72,1,0,1,3.55,2073,469331.18224290945
2943,3,1.0,46,2,2.79,0,0,1,9.05,8837,605222.7895458242
2765,5,1.3,12,2,4.71,0,0,0,1.22,2922,877089.8040567475
2688,2,3.6,47,1,1.65,0,0,1,4.14,4560,547726.728950877
3505,3,3.0,48,0,6.18,1,0,1,7.5,370,864291.7072114947
3781,2,1.3,28,1,8.68,0,1,1,1.72,7741,1130001.2875514461
1484,5,3.5,38,0,7.53,0,0,1,2.65,9030,684875.3733235655
2139,1,1.7,23,2,4.24,1,1,0,6.3,6780,680803.8358185487
1327,1,2.4,25,0,1.78,1,0,0,6.04,1357,360482.20983706444
3230,3,1.4,16,1,2.82,1,1,1,7.65,8350,786359.822068207
4031,4,3.1,6,1,5.91,0,1,0,8.31,5470,1093844.0920719982
4951,3,3.0,12,1,2.86,0,1,1,2.16,4958,1094673.95476668
3435,4,1.6,4,0,5.9,1,1,1,1.17,8681,1023348.6311226329
4376,2,3.6,25,1,3.08,1,0,1,7.21,9010,1001628.6313749147
626,2,2.2,48,1,8.64,0,0,0,3.71,7099,565375.2534807243
3677,5,1.9,2,1,4.58,1,0,1,6.63,220,997122.607664431
3556,4,1.5,6,2,3.21,0,0,0,2.35,7008,872403.5707332628
1103,5,1.8,48,2,8.31,1,1,0,5.22,2403,717238.5663754377
3949,1,1.1,38,0,4.09,1,1,1,5.54,4961,864879.6311718818
4646,4,2.7,0,0,2.0,1,1,0,6.27,3011,1055659.9921465756
4033,3,3.5,48,1,6.13,0,0,0,5.62,9091,1001566.5427416051
3867,1,2.6,16,2,6.23,0,1,1,5.46,7336,1066703.664582298
3868,1,1.7,42,1,7.43,1,0,0,3.99,5665,1023046.5205257095
4297,3,1.1,24,1,3.16,0,1,0,1.64,6631,863311.8058996715
2292,1,1.6,2,2,4.99,1,1,1,1.81,1209,813122.2237576904
3361,4,2.2,14,2,3.54,1,1,1,4.9,7029,1037617.5665327994
3976,5,3.3,28,2,1.73,0,1,0,4.2,1350,887245.2154668727
3917,1,1.6,42,0,8.89,0,1,1,5.65,8277,1070625.2295647985
2145,4,3.2,31,0,7.56,0,0,1,3.74,1749,833144.6919202326
1705,2,3.6,25,1,3.71,0,1,0,7.19,7451,621585.2877399651
3530,4,2.4,15,0,6.39,1,0,0,8.78,6011,1032693.9263324906
3372,5,3.5,24,2,2.81,0,0,1,3.69,9637,828501.9398839573
3572,4,2.7,27,2,9.01,0,0,0,2.74,3056,1101573.947488292
2354,3,2.9,8,0,2.03,1,0,1,2.05,5928,695355.6424945843
4521,5,2.6,0,1,1.03,1,0,1,6.55,5094,983118.9115060124
3208,2,2.4,28,1,5.52,1,0,0,4.99,6536,817624.104638024
4002,3,1.7,21,0,6.25,1,0,0,2.69,8776,1132243.009014401
1832,4,1.9,15,1,6.21,0,0,1,6.88,7714,711484.336687101
701,5,1.9,40,1,1.49,0,1,1,2.34,9094,377208.8560998464
4007,2,2.7,43,1,3.83,1,1,1,5.99,1815,898099.0444285513
4712,3,1.4,40,2,5.49,1,0,1,5.74,8250,1056915.559952472
1074,2,3.8,6,2,2.95,0,0,0,7.61,3583,479712.74010902166
1036,4,3.2,13,0,8.85,0,0,1,1.5,7775,838880.344174971
2125,2,2.2,28,2,1.78,0,1,0,8.99,1857,463701.1984085186
2622,1,1.5,18,1,5.39,0,1,0,7.33,1909,692885.3867805259
885,3,3.6,18,2,7.22,0,0,1,2.95,5639,734219.3521381307
3781,2,3.5,1,0,3.36,1,0,0,2.65,6148,836883.0867168306
974,4,3.2,40,2,6.62,1,1,0,4.88,9962,661259.807487614
917,4,1.8,44,1,8.46,1,1,1,8.36,1251,691676.7448266189
4100,2,2.2,14,1,2.71,1,0,0,8.59,5592,842173.0636504942
1454,4,1.3,2,0,9.25,0,0,0,5.68,6811,794203.5468135275
1705,5,1.6,10,2,5.98,1,0,1,8.75,6402,821094.6273098084
4620,5,3.3,45,2,3.69,0,0,1,1.05,4847,1048818.785898116
2490,5,3.1,29,2,4.88,0,1,1,1.32,8502,987368.9125556912
4072,1,2.8,39,1,3.81,0,1,1,9.21,4781,782429.371105554
4880,2,3.7,17,0,7.53,0,0,1,7.98,2607,1118035.3083388966
4658,1,2.7,47,2,8.17,0,0,1,5.06,3063,1203161.8080734229
3213,4,2.4,1,1,8.5,0,0,1,7.78,3528,1041492.4370313976
2703,1,2.0,31,1,9.87,0,1,0,9.6,7594,903566.3205863503
3620,4,3.8,7,1,8.12,1,0,0,7.95,4055,1223761.6636909838
1466,4,1.2,21,2,6.41,0,0,1,8.58,3805,635661.570697677
3932,3,3.8,5,2,4.05,1,0,0,7.85,4138,1058258.0907932452
1188,5,3.5,11,2,5.9,1,1,0,2.51,9344,769849.402862377
4743,4,1.4,46,2,1.37,0,0,1,8.5,813,859641.5760987654
4201,3,2.7,39,2,7.7,0,1,0,2.76,7360,1145578.8760010789
841,5,3.6,35,2,5.01,1,0,1,9.03,7111,564064.3862064856
2224,4,2.7,14,2,1.18,1,0,0,5.13,8979,711375.0678767359
4922,4,3.7,27,2,1.56,1,0,1,7.09,8621,1116778.1088179913
2292,1,3.8,48,2,4.49,1,1,0,5.48,1846,641797.965853366
2259,1,2.3,44,1,6.25,0,0,0,1.85,1307,660715.198159278
3712,5,2.1,17,2,5.18,0,0,0,3.62,884,1059931.339920564
1489,4,3.8,1,0,6.57,0,1,1,9.85,2796,724168.9792469239
2762,2,3.0,12,1,5.32,1,1,0,9.65,7173,807209.5981595956
2982,1,1.3,44,2,6.96,0,1,0,3.88,5136,856083.0236152427
1451,5,1.1,14,0,2.97,1,0,1,9.97,7227,645959.728013061
1222,4,2.7,19,2,2.02,0,1,1,8.61,3818,481031.5775933725
3889,4,3.8,28,0,6.37,1,0,0,6.5,5875,1139215.561974335
2579,2,3.5,41,0,5.36,0,1,0,1.36,8010,735228.0121855666
3217,5,3.0,28,0,1.24,0,1,0,9.11,2793,715017.6170968016
2832,4,1.4,2,0,4.42,1,1,0,6.02,725,794344.2644074219
3876,1,1.8,18,1,1.96,1,0,1,8.82,3808,855671.2539313375
2000,2,3.6,2,1,5.78,1,0,0,8.51,6959,860179.5422206565
785,5,1.5,13,0,4.56,1,0,0,8.5,9053,636485.8368425681
3995,2,1.8,39,2,6.52,1,0,1,7.28,7792,999035.5355451296
2565,1,1.4,3,0,8.25,0,0,0,3.62,6498,874414.910370297
1268,5,3.0,10,1,3.7,1,0,0,4.03,7352,650568.3462162031
3557,2,3.8,30,2,9.66,0,0,0,3.78,1655,1107101.6181837057
4789,3,1.8,42,1,5.82,0,0,1,1.18,8967,1134837.75998637
2661,1,2.4,31,1,6.56,0,0,1,6.24,4287,832833.9018179415
3793,1,2.9,26,2,7.13,0,1,0,7.29,7867,1015816.7236134248
1446,1,4.0,29,0,7.0,0,1,0,8.68,136,601012.1770131487
3835,3,1.3,42,0,5.6,1,0,1,2.26,1887,894902.2111915067
4650,3,2.5,1,0,4.86,1,0,0,5.9,6383,1053729.8807605656
1981,4,2.2,48,0,1.48,0,0,0,1.07,8160,519299.64335467585
2401,2,3.6,8,2,1.2,0,0,1,1.86,8165,608391.583213706
3951,4,2.4,27,2,4.22,1,1,1,1.49,3980,998544.63348756
4564,2,1.3,30,2,4.0,1,1,1,7.53,6032,1037563.491758637
554,3,2.9,33,1,4.49,0,0,0,1.73,8428,451559.1989558743
2323,3,3.3,14,2,2.25,1,1,0,7.45,6433,660588.4819947452
3962,4,1.0,47,0,7.64,1,1,0,3.25,5859,1120876.4405333002
3579,5,3.6,24,1,8.71,1,0,0,8.9,6585,1162502.693404629
1332,4,1.6,35,0,9.45,0,0,1,8.32,5167,645687.4513853027
4908,2,2.7,7,0,5.43,1,0,0,9.62,761,1177067.1494352906
3306,4,2.2,8,2,7.31,0,0,0,8.95,8073,995605.2262155336
2990,1,3.2,36,2,8.7,0,1,1,9.4,6486,956982.2910572367
827,2,2.1,47,0,4.76,0,0,1,8.73,7987,361608.14695109753
3810,2,3.6,44,0,3.78,0,1,0,7.24,514,824850.0494487318
3800,5,3.2,38,1,9.43,0,0,1,2.53,6950,1229887.8771396854
4175,3,2.9,31,2,5.64,1,1,1,3.45,8634,1188573.555642907
3554,2,3.4,16,1,5.48,0,0,0,2.91,2829,1023950.6996255203
2643,3,3.3,34,1,2.61,0,0,0,6.43,3997,601825.0260783816
1811,4,1.1,36,1,1.97,0,1,0,5.53,2269,407944.62879841245
3691,1,2.2,18,0,8.58,1,1,0,8.8,1978,1032444.9312656415
3038,5,3.8,43,1,6.53,1,1,1,9.57,6554,1032072.9145660151
4483,3,1.4,28,1,3.93,1,0,1,4.64,4670,989281.9515618709
664,2,3.2,6,0,2.73,1,1,0,5.56,1615,380354.4244895243
4777,3,3.9,27,2,6.0,1,1,0,9.74,674,1129369.4751616768
1322,2,1.2,8,2,6.26,1,1,1,3.49,2967,573240.5578599784
1443,3,3.0,27,1,2.86,1,1,0,8.13,3644,467784.12223992834
4925,2,2.4,5,0,8.66,0,1,0,3.03,4577,1379705.793092594
1274,4,2.7,28,2,1.76,0,1,0,7.13,171,446104.63865320984
2698,2,1.3,16,1,4.2,1,1,0,3.28,3080,731123.2338631233
3656,2,1.1,15,1,7.12,0,1,1,8.95,9409,1056184.3398278696
4742,1,3.0,22,0,3.47,0,1,0,6.05,5592,914115.842244929
4195,2,3.5,30,1,8.45,1,0,1,2.67,9651,1249492.5025777812
3952,1,3.3,2,2,7.66,0,0,0,3.02,4859,1045677.243783003
1414,5,2.6,20,0,8.1,0,1,0,5.44,9807,844235.9513076742
1808,1,1.3,25,2,2.07,1,0,1,9.65,8184,474345.75880227145
4677,4,3.1,35,2,2.26,0,0,0,7.93,139,942760.4111594324
1013,1,1.7,41,2,3.58,1,1,1,5.39,9674,509750.9039979913
2420,5,3.7,36,1,5.66,1,1,0,4.04,5473,925964.7398264555
4094,4,3.5,21,1,7.73,0,1,0,5.94,7665,1151779.3192336368
1909,3,3.1,41,2,8.53,0,1,0,7.74,2000,884285.9663940339
3690,3,3.8,11,2,7.34,0,1,0,8.06,2317,1103312.4025840668
4991,1,1.1,41,0,9.36,1,1,0,3.92,4896,1154022.5749167732
2055,1,3.2,12,0,7.65,1,0,1,7.49,4706,818392.2187546098
1304,5,2.0,10,1,3.76,1,1,1,6.92,1383,643271.4545071173
1779,5,3.7,15,1,3.39,0,0,0,9.63,8875,602882.4051527024
4077,2,1.8,7,0,7.27,0,1,0,9.38,8750,1153542.9121853595
3401,5,3.2,39,2,2.74,1,1,1,8.1,915,813059.1720423918
1887,2,3.6,39,1,1.83,0,0,1,7.51,2611,441000.402123219
3261,4,1.1,44,2,5.79,0,1,0,3.47,346,829793.1232129466
3179,1,2.2,1,0,8.39,1,1,0,8.61,4925,936476.1894410095
2606,4,3.3,29,1,1.91,1,0,1,4.85,6616,651573.3188639818
4723,5,2.4,29,1,8.13,0,1,0,3.45,516,1243687.0347747116
3268,4,1.8,11,0,8.3,1,0,1,4.46,6802,1092404.7233076808
